Grabów
Grabow
Dziębów
Dziebow
Kudowa-Zdrój
Kudowa-Zdroj
Rzewnik
Legno
Niedoradz
LCS Grodzisk Mazowiecki
Tarnowo Górne
Tarnowo Gorne
Pilichowice
Psary
LCS Polska
Stefanowo
Nowa Wies Wielka
Murki
Trawniczki
Rebrowo Dolne
Czerepy
Strączki
Straczki
Skawce
Lublinek
Arkadia Zdrój 2012
Arkadia Zdroj 2012
Sroka
Florek
Lilianowo
Węglowce
Weglowce
Zdroje
Zbydniów
Zbydniow
Gostynin
Razemsko 2012
Stryków
Strykow
Wronowice
Sierakówek
Sierakowek
Nakło
Minkowice
Otwocko
Szlichtyngowa
Maków Podhalański
Makow Podhalanski
Parów
Parow
Warszawa Wileńska
Warszawa Wilenska
Aleksandrów Kujawski
Aleksandrow Kujawski
Blaszki
Reńcze
Rencze
Imielin 2015
Glinnik
Lutol Suchy
Tarkowo
Kcynia
Naterki
Luzino
Chlorkowice
Sufczyn
Kolsko
Karszynek
Lębork
Lebork
Sieniawka
Bystra Woda
Głębce
Glebce
Falewo
Hel
Zakopane
Czermin
Lewków
Lewkow
Wijewo
Radzikowo
Hetmanice
Chełmik Wołowski
Chelmik Wolowski
Rudnik nad Sanem
Torzyn
Nowiny Wielkie
Grzebowilk
Rajcza
Łąck
Lack
Lisiczki
Gutkowo
Zawadówka
Zawadowka
Berety Kamielskie
Babimost
Głęboszów
Gleboszow
Brzeźno
Brzezno
Pszczyna
Krzęcz
Krzecz
Wasilków
Wasilkow
Wola
Brzezinka Średzka
Brzezinka Sredzka
Kszęty
Kszety
Tarkowice
Warszowice-Strumień
Warszowice-Strumien
Strzelce Kujawskie
Głogowo
Glogowo
Cis 2018
LCS Sandomierz
Wielichowo
Łebnino
Lebnino
Szeligi
Olszamowice
Piaskowo
Okoń Główny
Okon Glowny
Pogórz
Pogorz
Czeraków
Czerakow
Wilczyca
Santok Zdrój
Santok Zdroj
Grabów Miasto
Grabow Miasto
Wazowo
LCS Byki
Pabianice
Wodnica
Luczki
Radowice
Widawa
Wadowice
Krasnystawek Fabryczny
Drzewko
Igrekowice
Wola Nowska
Łask
Lask
Jordanowo
Buczek
Lisków Miasto
Liskow Miasto
Zwardoń
Zwardon
Nowa Wieś Wielka
Nowa Wies Wielka
Milówka
Milowka
Lesznowola
Wielicz Park
Modlinków
Modlinkow
LCS Obżerniki
LCS Obzerniki
Tomysłów
Tomyslow
Wielgowo
Krzemionka
Stare Lipowo
Żerniki
Zerniki
Wilki
Zgliczyn-Glinki
LCS Żywiec
LCS Zywiec
Poreńsk
Porensk
Skrzynki
Zgierz Kontrewers
Witonia
Łęczyca
Leczyca
Winiary
Miasto Albercice
Beznazwa
Płyćwia
Plycwia
Pustelnik
Wierzbin
Borki
Arkadia Zdrój 2022
Arkadia Zdroj 2022
Świątnice
Swiatnice
Suszec
Otok
Sulechów
Sulechow
Łapanów
Lapanow
Testowo
LCS Kleszczów
LCS Kleszczow
LCS Perzów
LCS Perzow
Sucha Beskidzka
Łódź Chojny
Lodz Chojny
Żory
Zory
Poddębice
Poddebice
Szadek
Sowi Bór
Sowi Bor
LCS Ozorków
LCS Ozorkow
Zgierz
Trzymałkowice
Trzymalkowice
Motławy
Motlawy
Zimnice
Dziewoszyce
Orniki
Bełchów
Belchow
Biała Sudecka
Biala Sudecka
Zielona Góra Główna
Zielona Gora Glowna
Łęka
Leka
Wilisz
Radostowice
Kowalewo
Łopiennik
Lopiennik
Dobrzyca Towarowa
Grębów
Grebow
Zebrzydowice
Koszalin
Kielce
Odolany
LCS Sarnów
LCS Sarnow
Brenno
Góra Włodowska
Gora Wlodowska
Chełm
Chelm
Kłudna
Kludna
Mońki
Monki
Dąbrówno
Dabrowno
Witowo
Kieły
Kiely
Uhrusk
Krzemienice
Włoszczowa Północ
Wloszczowa Polnoc
Parzęczewo
Parzeczewo
Dobrzyniec
Nysowiec
Łaskarzew
Laskarzew
